id,city_name,state_id,state_name,county_fips,county_name,lat,population,density,timezone
53,New York,NY,New York,36061,New York,40.6943,18713220,10715,America/New_York
54,Los Angeles,CA,California,6037,Los Angeles,34.1139,12750807,3276,America/Los_Angeles
55,Chicago,IL,Illinois,17031,Cook,41.8373,8604203,4574,America/Chicago
56,Miami,FL,Florida,12086,Miami-Dade,25.7839,6445545,5019,America/New_York
57,Dallas,TX,Texas,48113,Dallas,32.7936,5743938,1526,America/Chicago
58,Philadelphia,PA,Pennsylvania,42101,Philadelphia,40.0077,5649300,4554,America/New_York
59,Houston,TX,Texas,48201,Harris,29.7863,5464251,1399,America/Chicago
60,Atlanta,GA,Georgia,13121,Fulton,33.7627,5449398,1441,America/New_York
61,Washington,DC,District of Columbia,11001,District of Columbia,38.9047,5379184,4457,America/New_York
62,Boston,MA,Massachusetts,25025,Suffolk,42.3188,4688346,5532,America/New_York
63,Phoenix,AZ,Arizona,4013,Maricopa,33.5722,4219697,1253,America/Phoenix
64,Seattle,WA,Washington,53033,King,47.6211,3789215,3469,America/Los_Angeles
65,San Francisco,CA,California,6075,San Francisco,37.7562,3592294,7256,America/Los_Angeles
66,Detroit,MI,Michigan,26163,Wayne,42.3834,3506126,1864,America/Detroit
67,San Diego,CA,California,6073,San Diego,32.8312,3220118,1686,America/Los_Angeles
68,Minneapolis,MN,Minnesota,27053,Hennepin,44.9635,2977172,3071,America/Chicago
69,Tampa,FL,Florida,12057,Hillsborough,27.9942,2908063,1353,America/New_York
70,Denver,CO,Colorado,8031,Denver,39.7621,2876625,1831,America/Denver
71,Brooklyn,NY,New York,36047,Kings,40.6501,2559903,14221,America/New_York
72,Queens,NY,New York,36081,Queens,40.7498,2230722,7885,America/New_York
73,Riverside,CA,California,6065,Riverside,33.9381,2107852,1574,America/Los_Angeles
74,Baltimore,MD,Maryland,24510,Baltimore,39.3051,2106068,2830,America/New_York
75,Las Vegas,NV,Nevada,32003,Clark,36.2333,2104198,1773,America/Los_Angeles
76,Portland,OR,Oregon,41051,Multnomah,45.5372,2074775,1894,America/Los_Angeles
77,San Antonio,TX,Texas,48029,Bexar,29.4658,2049293,1231,America/Chicago
78,St. Louis,MO,Missouri,29510,St. Louis,38.6358,2024074,1879,America/Chicago
79,Sacramento,CA,California,6067,Sacramento,38.5667,1898019,2029,America/Los_Angeles
80,Orlando,FL,Florida,12095,Orange,28.4772,1822394,1003,America/New_York
81,San Jose,CA,California,6085,Santa Clara,37.3019,1798103,2218,America/Los_Angeles
82,Cleveland,OH,Ohio,39035,Cuyahoga,41.4767,1710093,1893,America/New_York
83,Pittsburgh,PA,Pennsylvania,42003,Allegheny,40.4396,1703266,2093,America/New_York
84,Austin,TX,Texas,48453,Travis,30.3004,1687311,1181,America/Chicago
85,Cincinnati,OH,Ohio,39061,Hamilton,39.1413,1662691,1507,America/New_York
86,Kansas City,MO,Missouri,29095,Jackson,39.1239,1636715,607,America/Chicago
87,Manhattan,NY,New York,36061,New York,40.7834,1628706,27545,America/New_York
88,Indianapolis,IN,Indiana,18097,Marion,39.7771,1588961,935,America/Indiana/Indianapolis
89,Columbus,OH,Ohio,39049,Franklin,39.9862,1562009,1582,America/New_York
90,Charlotte,NC,North Carolina,37119,Mecklenburg,35.208,1512923,1113,America/New_York
91,Virginia Beach,VA,Virginia,51810,Virginia Beach,36.7335,1478868,709,America/New_York
92,Bronx,NY,New York,36005,Bronx,40.8501,1418207,12862,America/New_York
93,Milwaukee,WI,Wisconsin,55079,Milwaukee,43.0642,1365787,2369,America/Chicago
94,Providence,RI,Rhode Island,44007,Providence,41.823,1203230,3773,America/New_York
95,Jacksonville,FL,Florida,12031,Duval,30.3322,1181496,470,America/New_York
96,Salt Lake City,UT,Utah,49035,Salt Lake,40.7777,1098526,699,America/Denver
97,Nashville,TN,Tennessee,47037,Davidson,36.1715,1081903,544,America/Chicago
98,Richmond,VA,Virginia,51760,Richmond,37.5295,1075798,1484,America/New_York
99,Memphis,TN,Tennessee,47157,Shelby,35.1046,1066967,792,America/Chicago
100,Raleigh,NC,North Carolina,37183,Wake,35.8325,1038738,1254,America/New_York
101,New Orleans,LA,Louisiana,22071,Orleans,30.0687,1020886,889,America/Chicago
102,Louisville,KY,Kentucky,21111,Jefferson,38.1663,1005654,905,America/New_York
103,Oklahoma City,OK,Oklahoma,40109,Oklahoma,35.4676,972943,417,America/Chicago
104,Bridgeport,CT,Connecticut,9001,Fairfield,41.1918,924449,3470,America/New_York
105,Buffalo,NY,New York,36029,Erie,42.9016,914341,2441,America/New_York
106,Fort Worth,TX,Texas,48439,Tarrant,32.7811,909585,1016,America/Chicago
107,Hartford,CT,Connecticut,9003,Hartford,41.7661,905152,2712,America/New_York
108,Tucson,AZ,Arizona,4019,Pima,32.1545,888486,889,America/Phoenix
109,Omaha,NE,Nebraska,31055,Douglas,41.2627,847819,1309,America/Chicago
110,El Paso,TX,Texas,48141,El Paso,31.8479,843386,1022,America/Denver
111,Honolulu,HI,Hawaii,15003,Honolulu,21.3294,820987,2200,Pacific/Honolulu
112,McAllen,TX,Texas,48215,Hidalgo,26.2273,804114,841,America/Chicago
113,Albuquerque,NM,New Mexico,35001,Bernalillo,35.1053,761195,1155,America/Denver
114,Birmingham,AL,Alabama,1073,Jefferson,33.5277,739573,553,America/Chicago
115,Sarasota,FL,Florida,12115,Sarasota,27.3386,722243,1528,America/New_York
116,Dayton,OH,Ohio,39113,Montgomery,39.7797,718353,978,America/New_York
117,Rochester,NY,New York,36055,Monroe,43.168,703952,2220,America/New_York
118,Fresno,CA,California,6019,Fresno,36.7831,703498,1789,America/Los_Angeles
119,Allentown,PA,Pennsylvania,42077,Lehigh,40.5961,683794,2672,America/New_York
120,Tulsa,OK,Oklahoma,40143,Tulsa,36.1284,671033,784,America/Chicago
121,Cape Coral,FL,Florida,12071,Lee,26.6446,668382,708,America/New_York
122,Concord,CA,California,6013,Contra Costa,37.9722,652308,1633,America/Los_Angeles
123,Colorado Springs,CO,Colorado,8041,El Paso,38.8674,642413,946,America/Denver
124,Charleston,SC,South Carolina,45019,Charleston,32.8153,628377,480,America/New_York
125,Springfield,MA,Massachusetts,25013,Hampden,42.1155,623401,1860,America/New_York
126,Grand Rapids,MI,Michigan,26081,Kent,42.962,609314,1734,America/Detroit
127,Mission Viejo,CA,California,6059,Orange,33.6095,590249,2058,America/Los_Angeles
128,Albany,NY,New York,36001,Albany,42.6664,586383,1740,America/New_York
129,Knoxville,TN,Tennessee,47093,Knox,35.9692,586048,733,America/New_York
130,Bakersfield,CA,California,6029,Kern,35.3529,579295,990,America/Los_Angeles
131,Ogden,UT,Utah,49057,Weber,41.2278,578523,1230,America/Denver
132,Baton Rouge,LA,Louisiana,22033,East Baton Rouge,30.4418,570308,983,America/Chicago
133,Akron,OH,Ohio,39153,Summit,41.0798,565208,1231,America/New_York
134,New Haven,CT,Connecticut,9009,New Haven,41.3112,564830,2690,America/New_York
135,Columbia,SC,South Carolina,45079,Richland,34.0376,560041,373,America/New_York
136,Mesa,AZ,Arizona,4013,Maricopa,33.4017,518012,1448,America/Phoenix
137,Palm Bay,FL,Florida,12009,Brevard,27.955,507002,456,America/New_York
138,Provo,UT,Utah,49049,Utah,40.2457,500617,1080,America/Denver
139,Worcester,MA,Massachusetts,25027,Worcester,42.2705,498328,1916,America/New_York
140,Murrieta,CA,California,6065,Riverside,33.572,496046,1335,America/Los_Angeles
141,Greenville,SC,South Carolina,45045,Greenville,34.8353,484465,920,America/New_York
142,Wichita,KS,Kansas,20173,Sedgwick,37.6896,482249,931,America/Chicago
143,Toledo,OH,Ohio,39095,Lucas,41.6639,482111,1308,America/New_York
144,Staten Island,NY,New York,36085,Richmond,40.5834,476143,3156,America/New_York
145,Des Moines,IA,Iowa,19153,Polk,41.5725,473957,938,America/Chicago
146,Long Beach,CA,California,6037,Los Angeles,33.7981,462628,3523,America/Los_Angeles
147,Port St. Lucie,FL,Florida,12111,St. Lucie,27.2796,461152,653,America/New_York
148,Denton,TX,Texas,48121,Denton,33.2176,457177,567,America/Chicago
149,Madison,WI,Wisconsin,55025,Dane,43.0826,447245,1263,America/Chicago
150,Reno,NV,Nevada,32031,Washoe,39.5497,445020,907,America/Los_Angeles
151,Harrisburg,PA,Pennsylvania,42043,Dauphin,40.2752,442289,2343,America/New_York
152,Little Rock,AR,Arkansas,5119,Pulaski,34.7256,439815,634,America/Chicago
153,Oakland,CA,California,6001,Alameda,37.7903,433031,2991,America/Los_Angeles
154,Durham,NC,North Carolina,37063,Durham,35.9794,424700,959,America/New_York
155,Winston-Salem,NC,North Carolina,37067,Forsyth,36.1029,422269,721,America/New_York
156,Bonita Springs,FL,Florida,12071,Lee,26.3559,421291,600,America/New_York
157,Indio,CA,California,6065,Riverside,33.7346,417059,1066,America/Los_Angeles
158,Palm Coast,FL,Florida,12035,Flagler,29.5392,417007,364,America/New_York
159,Chattanooga,TN,Tennessee,47065,Hamilton,35.0657,415501,493,America/New_York
160,Spokane,WA,Washington,53063,Spokane,47.6671,412275,1247,America/Los_Angeles
161,Syracuse,NY,New York,36067,Onondaga,43.0409,404223,2195,America/New_York
162,Lancaster,PA,Pennsylvania,42071,Lancaster,40.0421,401524,3166,America/New_York
163,Arlington,TX,Texas,48439,Tarrant,32.6998,398854,1607,America/Chicago
164,Stockton,CA,California,6077,San Joaquin,37.9765,397264,1941,America/Los_Angeles
165,Poughkeepsie,NY,New York,36027,Dutchess,41.6949,394760,2290,America/New_York
166,Augusta,GA,Georgia,13245,Richmond,33.3645,390809,252,America/New_York
167,Boise,ID,Idaho,16001,Ada,43.6007,389280,1056,America/Boise
168,Oxnard,CA,California,6111,Ventura,34.1963,387647,3040,America/Los_Angeles
169,Scranton,PA,Pennsylvania,42069,Lackawanna,41.4044,384250,1169,America/New_York
170,Modesto,CA,California,6099,Stanislaus,37.6374,383134,1933,America/Los_Angeles
171,Kissimmee,FL,Florida,12097,Osceola,28.3042,382720,1349,America/New_York
172,Aurora,CO,Colorado,8001,Adams,39.7087,379289,949,America/Denver
173,Youngstown,OH,Ohio,39099,Mahoning,41.0993,378732,744,America/New_York
174,Fayetteville,AR,Arkansas,5143,Washington,36.0713,351246,625,America/Chicago
175,Anaheim,CA,California,6059,Orange,33.839,350365,2688,America/Los_Angeles
176,Pensacola,FL,Florida,12033,Escambia,30.4427,346921,903,America/Chicago
177,Victorville,CA,California,6071,San Bernardino,34.5277,346789,641,America/Los_Angeles
178,Lancaster,CA,California,6037,Los Angeles,34.6935,343304,645,America/Los_Angeles
179,Greensboro,NC,North Carolina,37081,Guilford,36.0956,343090,887,America/New_York
180,Corpus Christi,TX,Texas,48355,Nueces,27.726,342464,789,America/Chicago
181,Fort Wayne,IN,Indiana,18003,Allen,41.0886,334122,943,America/Indiana/Indianapolis
182,Santa Ana,CA,California,6059,Orange,33.7366,332318,4689,America/Los_Angeles
183,Flint,MI,Michigan,26049,Genesee,43.0235,332190,1103,America/Detroit
184,Fayetteville,NC,North Carolina,37051,Cumberland,35.0846,327435,552,America/New_York
185,Jackson,MS,Mississippi,28049,Hinds,32.3163,325350,558,America/Chicago
186,Santa Rosa,CA,California,6097,Sonoma,38.4458,324634,1605,America/Los_Angeles
187,Lansing,MI,Michigan,26065,Ingham,42.7142,324286,1164,America/Detroit
188,San Juan,PR,Puerto Rico,72127,San Juan,18.4037,323279,3157,America/Puerto_Rico
189,Lexington,KY,Kentucky,21067,Fayette,38.0423,323152,439,America/New_York
190,Ann Arbor,MI,Michigan,26161,Washtenaw,42.2755,322267,1659,America/Detroit
191,Henderson,NV,Nevada,32003,Clark,36.0133,320189,1165,America/Los_Angeles
192,Huntsville,AL,Alabama,1089,Madison,34.6988,319249,361,America/Chicago
193,Mobile,AL,Alabama,1097,Mobile,30.6783,315502,522,America/Chicago
194,Fort Collins,CO,Colorado,8069,Larimer,40.5478,312666,1149,America/Denver
195,Asheville,NC,North Carolina,37021,Buncombe,35.5704,312507,786,America/New_York
196,Santa Clarita,CA,California,6037,Los Angeles,34.4175,312446,1162,America/Los_Angeles
197,St. Paul,MN,Minnesota,27123,Ramsey,44.9477,308096,2288,America/Chicago
198,Antioch,CA,California,6013,Contra Costa,37.9789,302419,1466,America/Los_Angeles
199,Lakeland,FL,Florida,12105,Polk,28.0556,302284,654,America/New_York
200,Trenton,NJ,New Jersey,34021,Mercer,40.2236,290716,4238,America/New_York
201,Lincoln,NE,Nebraska,31109,Lancaster,40.809,289490,1160,America/Chicago
202,Springfield,MO,Missouri,29077,Greene,37.1943,288090,786,America/Chicago
203,Anchorage,AK,Alaska,2020,Anchorage,61.1508,288000,65,America/Anchorage
204,Plano,TX,Texas,48085,Collin,33.0502,287677,1549,America/Chicago
205,Irvine,CA,California,6059,Orange,33.6772,287401,1691,America/Los_Angeles
206,Davenport,IA,Iowa,19163,Scott,41.5563,285362,617,America/Chicago
207,Rockford,IL,Illinois,17201,Winnebago,42.2597,282762,873,America/Chicago
208,Newark,NJ,New Jersey,34013,Essex,40.7245,282011,4509,America/New_York
209,South Bend,IN,Indiana,18141,St. Joseph,41.6767,280498,938,America/Indiana/Indianapolis
210,Shreveport,LA,Louisiana,22017,Caddo,32.4656,280062,672,America/Chicago
211,Round Lake Beach,IL,Illinois,17097,Lake,42.379,279381,2073,America/Chicago
212,Savannah,GA,Georgia,13051,Chatham,32.0281,276295,536,America/New_York
213,Myrtle Beach,SC,South Carolina,45051,Horry,33.7096,275579,568,America/New_York
214,Chula Vista,CA,California,6073,San Diego,32.6281,274492,2134,America/Los_Angeles
215,Eugene,OR,Oregon,41039,Lane,44.0563,273439,1510,America/Los_Angeles
216,Canton,OH,Ohio,39151,Stark,40.8075,269418,1040,America/New_York
217,Lubbock,TX,Texas,48303,Lubbock,33.5659,267648,741,America/Chicago
218,Reading,PA,Pennsylvania,42011,Berks,40.34,267155,3466,America/New_York
219,Winter Haven,FL,Florida,12105,Polk,28.0118,267069,538,America/New_York
220,Salem,OR,Oregon,41047,Marion,44.9231,266804,1382,America/Los_Angeles
221,St. Petersburg,FL,Florida,12103,Pinellas,27.7931,265351,1656,America/New_York
222,Lafayette,LA,Louisiana,22055,Lafayette,30.2084,264357,877,America/Chicago
223,Laredo,TX,Texas,48479,Webb,27.5629,262491,958,America/Chicago
224,Jersey City,NJ,New Jersey,34017,Hudson,40.7161,262075,6863,America/New_York
225,Concord,NC,North Carolina,37025,Cabarrus,35.3933,261801,585,America/New_York
226,Columbus,GA,Georgia,13215,Muscogee,32.51,261445,349,America/New_York
227,Chandler,AZ,Arizona,4013,Maricopa,33.2826,261165,1548,America/Phoenix
228,McKinney,TX,Texas,48085,Collin,33.2015,258277,1148,America/Chicago
229,Scottsdale,AZ,Arizona,4013,Maricopa,33.6872,258069,541,America/Phoenix
230,Killeen,TX,Texas,48027,Bell,31.0754,258009,1073,America/Chicago
231,Tallahassee,FL,Florida,12073,Leon,30.4551,257601,747,America/New_York
232,Peoria,IL,Illinois,17143,Peoria,40.752,256286,888,America/Chicago
233,Wilmington,NC,North Carolina,37129,New Hanover,34.21,255616,929,America/New_York
234,Montgomery,AL,Alabama,1101,Montgomery,32.3473,254634,479,America/Chicago
235,Gilbert,AZ,Arizona,4013,Maricopa,33.3101,254114,1432,America/Phoenix
236,Glendale,AZ,Arizona,4013,Maricopa,33.5791,252381,1582,America/Phoenix
237,North Las Vegas,NV,Nevada,32003,Clark,36.288,251974,992,America/Los_Angeles
238,Chesapeake,VA,Virginia,51550,Chesapeake,36.6778,244835,279,America/New_York
239,Barnstable,MA,Massachusetts,25001,Barnstable,41.6722,242847,286,America/New_York
240,Norfolk,VA,Virginia,51710,Norfolk,36.8945,242742,1759,America/New_York
241,Fremont,CA,California,6001,Alameda,37.5265,241110,1201,America/Los_Angeles
242,Kennewick,WA,Washington,53005,Benton,46.1978,240735,1186,America/Los_Angeles
243,Garland,TX,Texas,48113,Dallas,32.91,239928,1623,America/Chicago
244,Irving,TX,Texas,48113,Dallas,32.8584,239798,1380,America/Chicago
245,Visalia,CA,California,6107,Tulare,36.3276,237386,1370,America/Los_Angeles
246,Atlantic City,NJ,New Jersey,34001,Atlantic,39.3797,237054,1354,America/New_York
247,Paradise,NV,Nevada,32003,Clark,36.0807,235087,1942,America/Los_Angeles
248,Nashua,NH,New Hampshire,33011,Hillsborough,42.7491,233917,1118,America/New_York
249,Arlington,VA,Virginia,51013,Arlington,38.8786,233464,3467,America/New_York
250,Hialeah,FL,Florida,12086,Miami-Dade,25.8696,233339,4174,America/New_York