name,Description,courtCircuitNumber,Published,Randomtest,id
Court of the First Circuit,Tut#1 Description,1,FALSE,asdf,1
Court of the Second Circuit,Tut#2 Description,2,TRUE,asdf,2
Court of the Third Circuit,Tut#3 Description,3,TRUE,dfas,3
Court of theFourth Circuit,Tut#4 Description,4,FALSE,dfas,4
Court of the Fifth Circuit,Tut#5 Description,5,TRUE,sdfg,5
Court of the Sixth Circuit,Tut#6 Description,6,FALSE,fdf,6
Court of the Seventh Circuit,Tut#7 Description,7,TRUE,gsdfg,7
Court of the Eighth Circuit,Tut#8 Description,8,TRUE,fdf,8
Court of the Nineth Circuit,Tut#1 Description,9,FALSE,asdf,9
Court of the Tenth Circuit,Tut#2 Description,10,TRUE,asdf,10
Court of the Eleventh Circuit,Tut#3 Description,11,TRUE,dfas,11