﻿id,STATEFP,jurisdictionDistrictName,ALAND,AWATER,STATE,state_id,chiefJudge,NOMINATING,TERM_AS_CH,Shape_Leng,ABBR,courtCircuitNumber,distance,SHAPE_Area
1,1,Middle District of Alabama,34126730511,547242292,Alabama,AL,Emily Coody Marks,Donald Trump (R),2019,10.23579934,ALM,11,1236200.543,3.858442159
2,1,Southern District of Alabama,62358822707,3052680946,Alabama,AL,Kristi DuBose,George W. Bush (R),2017,12.97690618,ALS,11,1567095.386,3.278870947
3,1,Northern District of Alabama,34688495365,1061283673,Alabama,AL,Scott Coogler,George W. Bush (R),2020,12.56389336,ALN,11,1529854.008,5.754559774
4,2,District of Alaska,1.48E+12,2.45E+11,Alaska,AK,Timothy Burgess,George W. Bush (R),2015,566.6599616,AK,9,82194969.34,282.0108767
5,4,District of Arizona,2.94E+11,1027337603,Arizona,AZ,Murray Snow,George W. Bush (R),2018,23.84191171,AZ,9,2898729.237,28.91922965
6,5,Western District of Arkansas,61636172677,1313838912,Arkansas,AR,Susan Hickey,Barack Obama (D),2019,17.74675474,ARW,8,2151630.187,6.194531204
7,5,Eastern District of Arkansas,73132700050,1649020680,Arkansas,AR,D.P. Marshall Jr.,Barack Obama (D),2019,20.65981665,ARE,8,2488409.893,7.39092359
8,6,Northern District of California,53194156571,7787388503,California,CA,Richard Seeborg,Barack Obama (D),2021,26.86584731,CAN,9,3401244.157,5.590306585
9,6,Eastern District of California,2.25E+11,4008883289,California,CA,Kimberly Mueller,Barack Obama (D),2020,31.16645274,CAE,9,3875839.837,23.65176694
10,6,Central District of California,1.04E+11,7056692305,California,CA,Philip Gutierrez,George W. Bush (R),2020,24.76322026,CAC,9,2940989.008,10.24097418
11,6,Southern District of California,21717942324,1610907780,California,CA,Dana Sabraw,George W. Bush (R),2021,8.004317671,CAS,9,926636.6099,2.185236277
12,8,District of Colorado,2.68E+11,1181621593,Colorado,CO,Philip Brimmer,George W. Bush (R),2019,22.01920356,CO,10,2707587.635,28.03926098
13,9,District of Connecticut,12542497068,1815617571,Connecticut,CT,Stefan Underhill,Bill Clinton (D),2018,6.706574217,CT,2,850217.6814,1.396679589
14,10,District of Delaware,5045925646,1399985648,Delaware,DE,Leonard Stark,Barack Obama (D),2014,4.285079473,DE,3,562217.7242,0.541590353
15,11,District of District of Columbia,158340391,18687198,District of Columbia,DC,Beryl A. Howell,Barack Obama (D),2016,0.645734411,DC,4,81679.89913,0.018373558
16,12,Middle District of Florida,71472598713,12611401199,Florida,FL,Tim Corrigan,George W. Bush (R),2020,24.90755689,FLM,11,2983603.752,7.176101509
17,12,Northern District of Florida,42988444997,7156926495,Florida,FL,Mark E. Walker,Barack Obama (D),2018,19.51963841,FLN,11,2278252.522,4.255596668
18,12,Southern District of Florida,24488092540,11592773529,Florida,FL,K. Michael Moore,George H.W. Bush (R),2014,17.94159372,FLS,11,2117423.878,2.503157562
19,13,Middle District of Georgia,63878873969,1131885181,Georgia,GA,Marc Thomas Treadwell,Barack Obama (D),2020,17.89271409,GAM,11,2145133.376,6.217614652
20,13,Southern District of Georgia,48791678005,2624457169,Georgia,GA,James Hall,George W. Bush (R),2017,15.35952311,GAS,11,1856563.189,4.788840279
21,13,Northern District of Georgia,36829262779,666593804,Georgia,GA,Thomas Thrash,Bill Clinton (D),2014,10.34604731,GAN,11,1248901.738,3.662014154
22,15,District of Hawaii,16633990195,11777809026,Hawaii,HI,John Seabright,George W. Bush (R),2015,14.61900981,HI,9,1677969.598,1.448263171
23,16,District of Idaho,2.14E+11,2391722557,Idaho,ID,David C. Nye,Donald Trump (R),2019,30.78822222,ID,9,4140012.799,24.45646796
24,17,Southern District of Illinois,42273163142,863443375,Illinois,IL,Nancy J. Rosenstengel,Barack Obama (D),2019,15.10028042,ILS,7,1871662.521,4.448004177
25,17,Northern District of Illinois,27848322711,4525031380,Illinois,IL,Rebecca Pallmeyer,Bill Clinton (D),2019,9.407210711,ILN,7,1156541.61,3.069505166
26,17,Central District of Illinois,73659081780,826350193,Illinois,IL,Sara Lynn Darrow,Barack Obama (D),2019,14.42291212,ILC,7,1823339.981,7.890708426
27,18,Southern District of Indiana,58245165485,594117585,Indiana,IN,Jane Magnus-Stinson,Barack Obama (D),2016,14.95612552,INS,7,1887626.271,6.137432815
28,18,Northern District of Indiana,34544137181,943885244,Indiana,IN,Jon E. DeGuilio,Barack Obama (D),2020,9.573004936,INN,7,1213451.066,3.736320789
29,19,Southern District of Iowa,64934853523,616359819,Iowa,IA,John Jarvey,George W. Bush (R),2015,17.66491788,IAS,8,2147520.427,7.048918194
30,19,Northern District of Iowa,79726414454,467820993,Iowa,IA,Leonard T. Strand,Barack Obama (D),2017,18.75851795,IAN,8,2275977.662,8.808327549
31,20,District of Kansas,2.12E+11,1344141205,Kansas,KS,Julie Robinson,George W. Bush (R),2017,21.40554386,KS,10,2568051.143,22.00433689
32,21,Western District of Kentucky,49705549117,1651516493,Kentucky,KY,Greg N. Stivers,Barack Obama (D),2018,16.20058491,KYW,6,1964255.404,5.216899008
33,21,Eastern District of Kentucky,52573941555,723821262,Kentucky,KY,Danny Reeves,George W. Bush (R),2019,13.5142509,KYE,6,1654680.865,5.451046549
34,22,Western District of Louisiana,82559874817,7732641071,Louisiana,LA,Maurice Hicks,George W. Bush (R),2017,22.09994525,LAW,5,2626828.758,8.238229235
35,22,Eastern District of Louisiana,1179330896,15564596697,Louisiana,LA,Nannette Jolivette-Brown,Barack Obama (D),2018,17.61373056,LAE,5,2087595.511,2.26450982
36,22,Middle District of Louisiana,10429716212,456384127,Louisiana,LA,Shelby Deckert Dick,Barack Obama (D),2018,8.232481564,LAM,5,977650.4416,1.041475215
37,23,District of Maine,79887426037,11746549764,Maine,ME,Jon Levy,Barack Obama (D),2019,37.60348567,ME,1,5067611.35,9.753210423
38,24,District of Maryland,25151100280,6979966958,Maryland,MD,James Bredar,Barack Obama (D),2017,28.71942608,MD,4,3581304.025,2.772299781
39,25,District of Massachusetts,20205125364,7129925486,Massachusetts,MA,Dennis Saylor,George W. Bush (R),2019,17.6297362,MA,1,2199726.266,2.318549033
40,26,Western District of Michigan,91864548150,80760466528,Michigan,MI,Robert Jonker,George W. Bush (R),2015,52.3783305,MIW,6,6826348.305,10.775306
41,26,Eastern District of Michigan,54736404840,23125389174,Michigan,MI,Denise Hood,Bill Clinton (D),2016,18.32973605,MIE,6,2445688.485,6.279471845
42,27,District of Minnesota,2.06E+11,18945217189,Minnesota,MN,John Tunheim,Bill Clinton (D),2015,35.07820397,MN,8,4504261.869,25.53982229
43,28,Northern District of Mississippi,50779927027,1060691651,Mississippi,MS,Sharion Aycock,George W. Bush (R),2014,15.01133379,MSN,5,1805551.155,5.058296883
44,28,Southern District of Mississippi,70753592454,2866228107,Mississippi,MS,Daniel Jordan,George W. Bush (R),2017,20.20725682,MSS,5,2421523.927,6.827125468
45,29,Western District of Missouri,1.05E+11,1554906540,Missouri,MO,Mary Elizabeth Phillips,Barack Obama (D),2019,21.45250264,MOW,8,2648274.968,10.88252853
46,29,Eastern District of Missouri,72594959978,934518920,Missouri,MO,Rodney Sippel,Bill Clinton (D),2016,21.30383682,MOE,8,2654629.849,7.732924806
47,30,District of Montana,3.77E+11,3869208832,Montana,MT,Brian Morris,Barack Obama (D),2020,36.31012643,MT,9,4564651.122,45.07981299
48,31,District of Nebraska,1.99E+11,1371829134,Nebraska,NE,John Gerrard,Barack Obama (D),2018,24.19402324,NE,8,2914180.856,21.61446464
49,32,District of Nevada,3.08E+11,3073881320,Nevada,NV,Miranda Du,Barack Obama (D),2019,23.81869268,NV,9,3049493.311,29.93967686
50,33,District of New Hampshire,4647907788,92560510,New Hampshire,NH,Landya MCafferty,Barack Obama (D),2018,9.527984982,NH,1,1278211.212,2.683567989
51,34,District of New Jersey,1.90E+11,3544860246,New Jersey,NJ,Freda Wolfson,George W. Bush (R),2019,8.714737766,NJ,3,1114678.821,2.130953584
52,35,District of New Mexico,3.14E+11,728776523,New Mexico,NM,William P. Johnson,George W. Bush (R),2018,23.67452989,NM,10,2899312.783,30.89292869
53,36,Western District of New York,30470090946,8660922216,New York,NY,"Frank P. Geraci, Jr.",Barack Obama (D),2015,9.503352069,NYW,2,1159655.94,3.414886302
54,36,Northern District of New York,78869541754,5422149366,New York,NY,Glenn Suddaby,George W. Bush (R),2015,16.36306829,NYN,2,2126156.788,9.088820239
55,36,Eastern District of New York,3708955825,4588704911,New York,NY,Roslynn Mauskopf,George W. Bush (R),2020,7.467425124,NYE,2,905865.5587,0.47973225
56,36,Southern District of New York,9000561238,575218202,New York,NY,Colleen McMahon,Bill Clinton (D),2016,7.262460215,NYS,2,935395.8161,1.023536889
57,37,Western District of North Carolina,35420361237,474261098,North Carolina,NC,Martin Reidinger,George W. Bush (R),2020,13.27927817,NCW,4,1589747.64,3.569178439
58,37,Eastern District of North Carolina,61914767092,12509230233,North Carolina,NC,Terrence Boyle,Ronald Reagan (R),2018,31.5514279,NCE,4,3842186.576,6.41466113
59,37,Middle District of North Carolina,28588527735,482580064,North Carolina,NC,Thomas Schroeder,George W. Bush (R),2017,8.83559196,NCM,4,1079793.627,2.798359032
60,38,District of North Dakota,1.79E+11,4403267548,North Dakota,ND,Peter Welte,Donald Trump (R),2019,24.84545442,ND,8,3082377.314,21.83980495
61,39,Northern District of Ohio,46498787440,9698751540,Ohio,OH,Patricia Gaughan,Bill Clinton (D),2017,15.04170961,OHN,6,1875029.711,5.032264605
62,39,Southern District of Ohio,59330095128,570099162,Ohio,OH,Algenon Marbley,Bill Clinton (D),2019,14.12347482,OHS,6,1771088.755,6.287653669
63,40,Western District of Oklahoma,1.01E+11,882029019,Oklahoma,OK,Timothy DeGiusti,George W. Bush (R),2019,21.15566788,OKW,10,2537994.353,10.19700336
64,40,Eastern District of Oklahoma,53960845670,1703607661,Oklahoma,OK,Ronald White,George W. Bush (R),2017,14.52188681,OKE,10,1803557.536,5.491509224
65,40,Northern District of Oklahoma,22319892120,718976800,Oklahoma,OK,John Dowdell,Barack Obama (D),2019,8.154256775,OKN,10,985754.8001,2.316496188
66,41,District of Oregon,2.49E+11,6192386935,Oregon,OR,Marco A. Hernandez,George W. Bush (R),2019,25.96048353,OR,9,3292336.147,28.17846094
67,42,Western District of Pennsylvania,49257834090,2446926603,Pennsylvania,PA,Mark Hornak,Barack Obama (D),2018,11.35349782,PAW,3,1443114.666,5.317074006
68,42,Eastern District of Pennsylvania,12097954483,273180523,Pennsylvania,PA,Juan Sanchez,George W. Bush (R),2019,6.296025516,PAE,3,765705.1734,1.309626525
69,42,Middle District of Pennsylvania,54528653748,674482864,Pennsylvania,PA,John E. Jones,George W. Bush (R),2020,14.58864322,PAM,3,1769093.38,5.90914351
70,72,District of Puerto Rico,8868896030,4922382562,Puerto Rico,PR,Gustavo Gelpi,George W. Bush (R),2018,6.861810618,PR,1,777497.6372,0.771305222
71,44,District of Rhode Island,2677779902,1323670487,Rhode Island,RI,John J. McConnell Jr.,Barack Obama (D),2019,5.800037841,RI,1,765894.1759,0.307763213
72,45,District of South Carolina,77864918488,5075218778,South Carolina,SC,Robert Harwell,George W. Bush (R),2019,15.92588085,SC,4,1903283.485,7.856403245
73,46,District of South Dakota,1.96E+11,3382720225,South Dakota,SD,Roberto Lange,Barack Obama (D),2020,23.39878743,SD,8,2904011.359,22.57834045
74,47,Eastern District of Tennessee,40866523483,1085461097,Tennessee,TN,Travis Randall McDonough,Barack Obama (D),2020,15.13292747,TNE,6,1792524.29,4.268639798
75,47,Western District of Tennessee,29533968163,668703634,Tennessee,TN,Stanley Anderson,George W. Bush (R),2017,10.24279445,TNW,6,1223348.433,2.922324115
76,47,Middle District of Tennessee,36402236542,595958734,Tennessee,TN,Waverly Crenshaw,Barack Obama (D),2017,12.37165295,TNM,6,1480983.659,3.698313095
77,48,Northern District of Texas,2.49E+11,2139064710,Texas,TX,Barbara Lynn,Bill Clinton (D),2016,33.97898995,TXN,5,4136384.391,24.3087457
78,48,Southern District of Texas,1.09E+11,11615225301,Texas,TX,Lee Rosenthal,George H.W. Bush (R),2016,41.64089518,TXS,5,4924985.337,10.43316994
79,48,Western District of Texas,2.35E+11,1561928281,Texas,TX,Orlando Garcia,Bill Clinton (D),2016,43.36405625,TXW,5,5131392.805,22.23073563
80,48,Eastern District of Texas,84056623158,3690086968,Texas,TX,James Gilstrap,Barack Obama (D),2018,25.0689338,TXE,5,3045070.874,8.35504749
81,49,District of Utah,2.13E+11,6998824394,Utah,UT,Robert Shelby,Barack Obama (D),2018,20.0012182,UT,10,2557094.318,22.97512412
82,50,District of Vermont,23874175944,1030416650,Vermont,VT,Geoffrey Crawford,Barack Obama (D),2017,9.571256932,VT,2,1248961.728,2.797954945
83,51,Western District of Virginia,63268406031,548241665,Virginia,VA,Michael Urbanski,Barack Obama (D),2017,20.53134825,VAW,4,2492411.242,6.628990857
84,51,Eastern District of Virginia,38989311079,7980290109,Virginia,VA,Mark Davis,George W. Bush (R),2018,24.95960115,VAE,4,3080537.568,4.181882141
85,53,Eastern District of Washington,1.08E+11,163008896,Washington,WA,Stanley Bastian,Barack Obama (D),2020,18.34326922,WAE,9,2379273.351,13.11289339
86,53,Western District of Washington,63808867328,10782853115,Washington,WA,Ricardo Martinez,George W. Bush (R),2016,42.68505849,WAW,9,5709929.241,7.786747463
87,54,Northern District of West Virginia,32770919888,216248423,West Virginia,WV,Gina Marie Groh,Barack Obama (D),2015,15.5531306,WVN,4,1967419.881,3.435157871
88,54,Southern District of West Virginia,29495554625,272780120,West Virginia,WV,Thomas Johnston,George W. Bush (R),2017,11.10513568,WVS,4,1386035.026,2.933634119
89,55,Western District of Wisconsin,97888281547,8817010786,Wisconsin,WI,James D. Peterson,Barack Obama (D),2017,22.5748091,WIW,7,2957392.588,11.55656636
90,55,Eastern District of Wisconsin,42401758176,20527940972,Wisconsin,WI,Pamela Pepper,Barack Obama (D),2019,17.73205435,WIE,7,2392556.412,4.933515298
91,56,District of Wyoming,2.51E+11,1867670745,Wyoming,WY,Scott W. Skavdahl,Barack Obama (D),2018,21.99553931,WY,10,2776686.974,27.97072421